ID	AFE_NUMBER	PRINT_WELL_REPORT_ID
1	2	11
2	3	22
3	1	10
4	4	37
5	5	42
6	2	16
7	1	5
8	3	21
9	3	24
10	1	1
11	5	48
12	1	4
13	5	50
14	5	49
15	5	41
16	2	12
17	2	20
18	2	19
19	1	9
20	5	45
21	2	15
22	5	43
23	3	30
24	3	28
25	2	14
26	4	40
27	4	35
28	2	17
29	4	39
30	1	7
31	5	47
32	2	18
33	4	38
34	1	8
35	4	33
36	5	44
37	4	34
38	3	27
39	1	6
40	5	46
41	3	26
42	3	29
43	1	3
44	3	23
45	2	13
46	4	31
47	4	36
48	1	2
49	4	32
50	3	25
51	6	51
52	8	72
53	7	64
54	6	53
55	7	69
56	7	62
57	6	57
58	6	58
59	6	52
60	7	61
61	8	71
62	7	66
63	6	59
64	8	74
65	6	56
66	9	87
67	7	65
68	9	86
69	8	76
70	6	54
71	6	55
72	10	97
73	9	82
74	7	70
75	7	68
76	10	91
77	8	77
78	9	83
79	7	67
80	9	85
81	6	60
82	7	63
83	9	81
84	10	92
85	9	89
86	8	73
87	9	88
88	8	78
89	9	84
90	10	93
91	10	100
92	8	80
93	8	79
94	9	90
95	10	94
96	10	95
97	10	99
98	10	96
99	10	98
100	8	75
101	11	101
102	11	102
103	11	110
104	11	107
105	12	114
106	12	115
107	12	120
108	11	108
109	12	112
110	12	117
111	11	104
112	11	103
113	11	106
114	12	116
115	14	139
116	11	109
117	12	118
118	12	119
119	12	111
120	11	105
121	13	123
122	12	113
123	13	127
124	13	126
125	13	129
126	14	136
127	14	133
128	13	125
129	13	121
130	14	134
131	13	124
132	15	147
133	13	128
134	15	146
135	13	130
136	15	143
137	14	135
138	15	145
139	14	137
140	14	138
141	14	140
142	13	122
143	14	132
144	15	149
145	15	141
146	15	142
147	15	150
148	15	144
149	15	148
150	14	131
151	16	151
152	16	155
153	18	171
154	16	152
155	17	161
156	16	157
157	16	158
158	18	174
159	19	184
160	17	165
161	18	180
162	16	160
163	16	156
164	17	162
165	20	194
166	18	173
167	16	154
168	17	168
169	16	153
170	17	163
171	19	189
172	18	172
173	19	183
174	19	190
175	19	182
176	17	164
177	20	192
178	19	188
179	19	185
180	16	159
181	19	186
182	17	170
183	17	166
184	20	198
185	20	196
186	20	195
187	17	169
188	18	175
189	19	187
190	18	178
191	20	199
192	18	177
193	19	181
194	17	167
195	18	176
196	18	179
197	20	200
198	20	193
199	20	197
200	20	191
201	21	201
202	21	202
203	22	212
204	22	211
205	21	206
206	23	225
207	21	204
208	22	216
209	21	209
210	24	239
211	21	203
212	24	234
213	21	205
214	23	226
215	23	221
216	23	230
217	21	210
218	25	250
219	23	228
220	22	213
221	21	207
222	23	224
223	25	242
224	24	236
225	24	235
226	24	231
227	21	208
228	25	241
229	23	227
230	22	218
231	23	223
232	22	215
233	25	245
234	22	220
235	23	229
236	25	249
237	25	248
238	25	246
239	24	232
240	24	233
241	22	217
242	25	243
243	24	240
244	25	244
245	25	247
246	24	238
247	24	237
248	23	222
249	22	214
250	22	219
251	26	251
252	26	252
253	26	256
254	26	258
255	28	277
256	30	300
257	26	255
258	30	298
259	29	284
260	27	262
261	29	287
262	27	261
263	28	276
264	30	297
265	29	289
266	27	268
267	27	269
268	27	267
269	28	272
270	28	274
271	30	292
272	30	291
273	26	257
274	30	293
275	27	263
276	27	266
277	29	281
278	29	290
279	26	254
280	28	271
281	29	283
282	28	278
283	26	253
284	30	296
285	28	279
286	27	264
287	29	285
288	30	295
289	26	259
290	30	299
291	30	294
292	29	288
293	29	282
294	26	260
295	27	265
296	28	275
297	29	286
298	28	280
299	28	273
300	27	270
301	31	301
302	31	302
303	31	307
304	32	311
305	32	312
306	32	316
307	33	323
308	31	310
309	31	306
310	32	318
311	31	303
312	31	304
313	32	313
314	33	324
315	34	332
316	33	322
317	33	326
318	33	328
319	33	327
320	34	336
321	32	319
322	33	329
323	33	330
324	32	314
325	32	315
326	33	321
327	31	309
328	32	320
329	34	334
330	34	331
331	31	305
332	34	333
333	33	325
334	34	338
335	34	337
336	31	308
337	35	347
338	35	341
339	32	317
340	34	339
341	34	340
342	35	346
343	35	348
344	35	349
345	35	350
346	35	345
347	35	344
348	35	343
349	35	342
350	34	335
351	36	351
352	36	352
353	36	354
354	36	353
355	36	359
356	38	376
357	38	373
358	38	371
359	39	385
360	38	374
361	39	382
362	39	387
363	37	365
364	37	363
365	37	364
366	40	395
367	36	360
368	39	383
369	39	389
370	38	378
371	39	386
372	37	368
373	40	394
374	39	390
375	39	384
376	36	355
377	37	370
378	38	372
379	37	361
380	38	380
381	37	369
382	40	398
383	40	391
384	38	375
385	38	379
386	40	396
387	37	367
388	37	366
389	40	393
390	39	388
391	40	399
392	40	392
393	37	362
394	36	356
395	39	381
396	36	357
397	40	397
398	38	377
399	36	358
400	40	400
401	41	401
402	41	402
403	41	403
404	41	404
405	41	405
406	42	420
407	42	411
408	43	428
409	41	406
410	44	434
411	45	449
412	45	450
413	45	445
414	41	409
415	44	440
416	44	438
417	41	407
418	44	432
419	44	435
420	43	425
421	45	441
422	43	422
423	42	418
424	41	408
425	42	414
426	42	416
427	42	415
428	45	446
429	43	427
430	44	439
431	45	447
432	44	436
433	45	442
434	45	444
435	45	448
436	41	410
437	44	431
438	42	417
439	44	437
440	43	424
441	43	426
442	45	443
443	43	430
444	43	429
445	42	412
446	43	421
447	44	433
448	42	419
449	43	423
450	42	413
451	46	451
452	46	452
453	46	453
454	46	454
455	46	455
456	46	457
457	47	465
458	50	498
459	50	494
460	50	499
461	50	497
462	48	472
463	46	458
464	47	467
465	49	487
466	50	496
467	47	466
468	49	483
469	48	473
470	50	491
471	50	500
472	49	485
473	47	470
474	49	481
475	47	469
476	50	493
477	46	456
478	48	471
479	50	492
480	48	479
481	47	463
482	47	461
483	46	460
484	49	489
485	49	490
486	47	468
487	48	476
488	48	480
489	48	474
490	49	486
491	50	495
492	48	478
493	46	459
494	49	484
495	47	462
496	49	482
497	49	488
498	47	464
499	48	475
500	48	477
501	51	501
502	51	502
503	51	504
504	51	503
505	51	505
506	51	506
507	52	512
508	51	507
509	53	525
510	52	516
511	51	509
512	51	508
513	52	520
514	52	514
515	54	536
516	53	530
517	52	511
518	53	528
519	52	518
520	52	519
521	51	510
522	53	529
523	52	515
524	53	523
525	53	522
526	52	517
527	53	521
528	54	535
529	53	524
530	53	526
531	52	513
532	54	531
533	54	532
534	54	534
535	53	527
536	54	533
537	55	546
538	54	538
539	55	542
540	55	547
541	55	549
542	55	550
543	54	539
544	55	541
545	55	548
546	55	543
547	55	544
548	54	537
549	54	540
550	55	545
551	56	551
552	56	552
553	56	554
554	56	555
555	56	553
556	56	556
557	56	557
558	56	559
559	56	560
560	57	562
561	57	564
562	57	561
563	57	567
564	57	563
565	56	558
566	57	568
567	57	565
568	58	574
569	57	566
570	58	571
571	58	573
572	57	570
573	58	572
574	58	577
575	57	569
576	58	578
577	58	576
578	60	595
579	60	593
580	59	585
581	59	586
582	60	596
583	60	594
584	59	589
585	59	582
586	58	580
587	60	599
588	59	587
589	60	600
590	59	584
591	59	581
592	60	597
593	59	590
594	60	592
595	60	598
596	59	583
597	60	591
598	58	575
599	59	588
600	58	579
601	61	601
602	61	602
603	61	603
604	61	605
605	61	604
606	61	606
607	61	607
608	65	642
609	61	608
610	64	638
611	65	641
612	63	630
613	65	645
614	65	648
615	63	628
616	63	626
617	65	646
618	61	609
619	64	637
620	62	611
621	62	612
622	65	647
623	62	614
624	64	639
625	62	618
626	61	610
627	65	644
628	64	635
629	63	621
630	64	633
631	63	627
632	62	616
633	64	631
634	63	624
635	63	625
636	63	629
637	63	623
638	65	650
639	64	640
640	65	649
641	64	634
642	64	636
643	64	632
644	62	619
645	63	622
646	62	613
647	62	620
648	62	617
649	62	615
650	65	643
651	66	651
652	66	652
653	66	654
654	66	653
655	66	655
656	66	656
657	66	657
658	67	661
659	67	666
660	66	659
661	69	687
662	68	675
663	69	689
664	69	681
665	70	698
666	67	664
667	70	694
668	69	682
669	70	695
670	69	685
671	69	688
672	70	691
673	69	683
674	70	696
675	68	677
676	70	692
677	68	674
678	70	699
679	67	669
680	69	690
681	68	676
682	69	686
683	70	697
684	69	684
685	66	660
686	68	679
687	68	673
688	67	670
689	68	678
690	66	658
691	67	663
692	67	667
693	68	671
694	67	665
695	70	693
696	70	700
697	67	668
698	68	672
699	68	680
700	67	662
701	71	701
702	71	702
703	71	705
704	71	703
705	71	704
706	71	706
707	71	707
708	71	708
709	71	709
710	72	715
711	72	717
712	73	727
713	74	736
714	73	730
715	72	713
716	73	728
717	75	742
718	74	733
719	73	726
720	72	711
721	75	741
722	74	734
723	74	738
724	74	732
725	74	737
726	74	739
727	73	723
728	74	740
729	73	721
730	72	714
731	73	722
732	73	724
733	73	729
734	72	720
735	71	710
736	74	735
737	73	725
738	72	719
739	75	743
740	75	750
741	75	749
742	72	718
743	75	748
744	75	746
745	75	747
746	74	731
747	75	745
748	75	744
749	72	716
750	72	712
751	76	751
752	76	752
753	76	753
754	76	755
755	76	754
756	76	756
757	76	757
758	76	758
759	76	759
760	79	785
761	79	786
762	78	776
763	78	778
764	77	766
765	80	795
766	79	788
767	80	797
768	80	796
769	77	768
770	77	763
771	80	794
772	79	782
773	77	765
774	78	777
775	77	769
776	78	772
777	79	790
778	78	773
779	79	783
780	80	792
781	79	787
782	78	775
783	77	770
784	78	779
785	78	774
786	76	760
787	77	767
788	80	799
789	80	798
790	77	761
791	78	780
792	77	764
793	80	791
794	79	784
795	79	789
796	80	800
797	77	762
798	79	781
799	78	771
800	80	793
801	81	801
802	81	802
803	81	803
804	81	804
805	81	805
806	81	807
807	81	806
808	81	808
809	81	809
810	84	834
811	85	850
812	83	827
813	84	836
814	84	839
815	81	810
816	83	821
817	82	814
818	82	819
819	82	817
820	85	841
821	82	816
822	83	828
823	83	822
824	84	832
825	85	846
826	83	823
827	85	843
828	82	813
829	82	820
830	83	824
831	82	818
832	84	831
833	83	825
834	85	847
835	85	844
836	84	838
837	84	837
838	84	840
839	82	815
840	84	833
841	82	812
842	83	830
843	85	842
844	85	848
845	85	845
846	82	811
847	83	829
848	85	849
849	83	826
850	84	835
851	86	851
852	86	852
853	86	854
854	86	853
855	86	855
856	86	856
857	86	857
858	86	859
859	86	858
860	88	872
861	87	863
862	89	883
863	88	878
864	89	889
865	87	866
866	89	881
867	87	869
868	90	894
869	88	879
870	90	899
871	90	895
872	89	886
873	88	871
874	90	898
875	90	896
876	87	870
877	89	887
878	88	874
879	90	893
880	87	864
881	90	900
882	87	867
883	87	862
884	88	873
885	87	868
886	89	890
887	90	892
888	86	860
889	89	888
890	90	891
891	88	875
892	88	877
893	89	884
894	88	880
895	88	876
896	87	861
897	89	882
898	87	865
899	90	897
900	89	885
901	91	901
902	91	902
903	91	903
904	91	905
905	91	904
906	91	907
907	91	906
908	91	908
909	91	909
910	93	925
911	92	919
912	93	929
913	92	911
914	95	950
915	93	928
916	92	918
917	94	940
918	93	921
919	94	932
920	92	920
921	93	926
922	95	944
923	92	914
924	93	930
925	95	943
926	94	931
927	94	937
928	93	923
929	93	927
930	92	915
931	92	916
932	93	924
933	92	912
934	92	917
935	91	910
936	93	922
937	95	946
938	94	936
939	94	935
940	94	938
941	92	913
942	95	942
943	95	945
944	94	934
945	95	948
946	95	941
947	94	939
948	95	947
949	94	933
950	95	949
951	96	952
952	96	951
953	96	954
954	96	953
955	96	955
956	96	956
957	96	957
958	96	958
959	96	959
960	100	996
961	100	991
962	99	985
963	97	968
964	100	992
965	97	969
966	99	990
967	97	963
968	100	999
969	98	971
970	97	967
971	97	970
972	99	988
973	100	1000
974	97	964
975	99	987
976	98	974
977	98	973
978	98	979
979	99	983
980	100	995
981	97	965
982	99	989
983	97	962
984	98	975
985	96	960
986	97	966
987	98	980
988	99	984
989	98	977
990	100	997
991	98	976
992	99	981
993	100	994
994	99	986
995	100	993
996	100	998
997	98	972
998	98	978
999	97	961
1000	99	982
1001	101	1001
1002	101	1002
1003	101	1003
1004	101	1004
1005	101	1005
1006	101	1006
1007	101	1007
1008	101	1008
1009	101	1009
1010	101	1010
1011	102	1019
1012	102	1016
1013	103	1027
1014	102	1015
1015	102	1014
1016	103	1025
1017	103	1022
1018	102	1018
1019	102	1020
1020	102	1017
1021	104	1039
1022	104	1031
1023	102	1012
1024	103	1028
1025	105	1044
1026	103	1021
1027	102	1011
1028	105	1049
1029	105	1041
1030	103	1023
1031	104	1038
1032	105	1046
1033	102	1013
1034	103	1024
1035	105	1047
1036	104	1034
1037	103	1026
1038	104	1032
1039	104	1033
1040	103	1030
1041	104	1036
1042	104	1040
1043	105	1042
1044	105	1043
1045	104	1037
1046	104	1035
1047	105	1045
1048	105	1050
1049	103	1029
1050	105	1048
1051	106	1051
1052	106	1052
1053	106	1054
1054	106	1055
1055	106	1053
1056	106	1057
1057	106	1056
1058	106	1058
1059	106	1059
1060	106	1060
1061	107	1069
1062	107	1061
1063	107	1065
1064	110	1099
1065	108	1076
1066	110	1096
1067	110	1098
1068	110	1095
1069	109	1090
1070	109	1083
1071	107	1068
1072	107	1064
1073	110	1093
1074	109	1085
1075	109	1081
1076	110	1100
1077	108	1075
1078	108	1071
1079	107	1070
1080	108	1072
1081	110	1094
1082	109	1086
1083	107	1063
1084	107	1067
1085	110	1097
1086	109	1082
1087	107	1062
1088	108	1074
1089	110	1092
1090	108	1079
1091	108	1080
1092	108	1077
1093	110	1091
1094	109	1089
1095	109	1088
1096	109	1084
1097	108	1078
1098	107	1066
1099	108	1073
1100	109	1087
1101	111	1102
1102	111	1101
1103	111	1104
1104	111	1105
1105	111	1103
1106	111	1106
1107	111	1107
1108	111	1108
1109	111	1109
1110	111	1110
1111	112	1112
1112	112	1119
1113	115	1147
1114	112	1120
1115	112	1118
1116	115	1150
1117	113	1121
1118	112	1115
1119	113	1129
1120	113	1124
1121	115	1149
1122	112	1113
1123	114	1134
1124	113	1126
1125	113	1127
1126	114	1132
1127	115	1144
1128	112	1111
1129	113	1123
1130	114	1131
1131	114	1139
1132	113	1128
1133	115	1148
1134	112	1114
1135	114	1138
1136	113	1130
1137	114	1135
1138	115	1146
1139	112	1116
1140	115	1145
1141	114	1133
1142	115	1143
1143	113	1125
1144	112	1117
1145	114	1136
1146	115	1141
1147	115	1142
1148	114	1140
1149	114	1137
1150	113	1122
1151	116	1152
1152	116	1151
1153	116	1155
1154	116	1154
1155	116	1153
1156	116	1157
1157	116	1156
1158	116	1158
1159	116	1159
1160	116	1160
1161	117	1167
1162	117	1170
1163	117	1161
1164	117	1166
1165	117	1165
1166	117	1162
1167	117	1163
1168	117	1169
1169	117	1168
1170	117	1164
1171	118	1172
1172	118	1171
1173	120	1191
1174	118	1178
1175	118	1175
1176	120	1199
1177	119	1190
1178	119	1181
1179	119	1187
1180	120	1196
1181	119	1188
1182	120	1198
1183	118	1179
1184	118	1174
1185	119	1185
1186	119	1186
1187	118	1176
1188	119	1189
1189	119	1182
1190	120	1193
1191	118	1173
1192	120	1200
1193	119	1183
1194	120	1197
1195	118	1180
1196	118	1177
1197	120	1192
1198	120	1195
1199	120	1194
1200	119	1184
1201	121	1201
1202	121	1202
1203	121	1203
1204	121	1204
1205	121	1205
1206	121	1206
1207	121	1207
1208	121	1208
1209	121	1209
1210	121	1210
1211	122	1216
1212	122	1213
1213	122	1218
1214	122	1215
1215	122	1219
1216	122	1211
1217	122	1220
1218	122	1217
1219	122	1214
1220	122	1212
1221	123	1221
1222	123	1225
1223	124	1231
1224	124	1238
1225	125	1243
1226	124	1236
1227	124	1237
1228	124	1233
1229	125	1244
1230	124	1235
1231	125	1245
1232	124	1232
1233	125	1242
1234	124	1239
1235	124	1240
1236	123	1227
1237	123	1223
1238	123	1228
1239	123	1224
1240	125	1250
1241	124	1234
1242	123	1222
1243	125	1248
1244	123	1226
1245	125	1249
1246	125	1241
1247	123	1230
1248	123	1229
1249	125	1247
1250	125	1246
1251	126	1252
1252	126	1251
1253	126	1253
1254	126	1254
1255	126	1255
1256	126	1256
1257	126	1258
1258	126	1257
1259	126	1259
1260	126	1260
1261	127	1270
1262	127	1267
1263	127	1264
1264	127	1268
1265	127	1266
1266	127	1265
1267	127	1269
1268	127	1263
1269	127	1262
1270	127	1261
1271	130	1297
1272	128	1271
1273	128	1278
1274	129	1284
1275	129	1283
1276	129	1282
1277	130	1299
1278	130	1295
1279	129	1290
1280	128	1272
1281	128	1279
1282	130	1293
1283	130	1300
1284	128	1275
1285	130	1294
1286	130	1291
1287	129	1286
1288	129	1285
1289	129	1288
1290	130	1296
1291	129	1289
1292	128	1277
1293	130	1298
1294	128	1280
1295	129	1281
1296	128	1276
1297	129	1287
1298	128	1273
1299	128	1274
1300	130	1292
1301	131	1301
1302	131	1302
1303	131	1303
1304	131	1304
1305	131	1305
1306	131	1306
1307	131	1307
1308	131	1308
1309	131	1309
1310	131	1310
1311	132	1319
1312	132	1318
1313	132	1316
1314	132	1315
1315	132	1313
1316	132	1311
1317	132	1320
1318	132	1312
1319	132	1314
1320	132	1317
1321	133	1328
1322	134	1336
1323	133	1324
1324	135	1345
1325	133	1322
1326	134	1338
1327	134	1332
1328	133	1326
1329	135	1341
1330	135	1343
1331	135	1346
1332	135	1348
1333	134	1331
1334	134	1334
1335	133	1321
1336	133	1330
1337	134	1337
1338	133	1323
1339	134	1335
1340	135	1344
1341	134	1333
1342	134	1340
1343	135	1347
1344	133	1329
1345	135	1342
1346	133	1327
1347	134	1339
1348	135	1350
1349	135	1349
1350	133	1325
1351	136	1352
1352	136	1351
1353	136	1353
1354	136	1354
1355	136	1355
1356	136	1357
1357	136	1356
1358	136	1358
1359	136	1359
1360	136	1360
1361	137	1365
1362	137	1366
1363	137	1367
1364	137	1370
1365	137	1368
1366	137	1369
1367	137	1364
1368	137	1363
1369	137	1362
1370	137	1361
1371	140	1397
1372	139	1385
1373	139	1383
1374	138	1376
1375	139	1389
1376	139	1387
1377	138	1373
1378	138	1375
1379	139	1388
1380	140	1391
1381	138	1380
1382	138	1379
1383	140	1393
1384	138	1372
1385	140	1394
1386	139	1384
1387	140	1398
1388	139	1382
1389	138	1371
1390	140	1399
1391	138	1374
1392	140	1400
1393	138	1377
1394	140	1392
1395	138	1378
1396	139	1381
1397	140	1395
1398	140	1396
1399	139	1386
1400	139	1390
1401	141	1402
1402	141	1401
1403	141	1404
1404	141	1405
1405	141	1403
1406	141	1406
1407	141	1407
1408	141	1409
1409	141	1408
1410	141	1410
1411	142	1415
1412	142	1419
1413	142	1418
1414	142	1411
1415	142	1416
1416	142	1413
1417	142	1412
1418	142	1414
1419	142	1417
1420	142	1420
1421	145	1448
1422	144	1439
1423	143	1427
1424	145	1446
1425	143	1424
1426	144	1436
1427	145	1444
1428	145	1447
1429	145	1445
1430	144	1434
1431	144	1435
1432	144	1438
1433	143	1421
1434	144	1440
1435	145	1441
1436	144	1433
1437	144	1432
1438	145	1442
1439	143	1422
1440	143	1423
1441	145	1449
1442	143	1428
1443	144	1431
1444	143	1425
1445	145	1450
1446	144	1437
1447	143	1430
1448	143	1426
1449	145	1443
1450	143	1429
1451	146	1451
1452	146	1452
1453	146	1455
1454	146	1453
1455	146	1454
1456	146	1457
1457	146	1458
1458	146	1456
1459	146	1459
1460	146	1460
1461	147	1462
1462	147	1469
1463	147	1470
1464	147	1463
1465	147	1468
1466	147	1467
1467	147	1466
1468	147	1461
1469	147	1465
1470	147	1464
1471	148	1471
1472	148	1477
1473	148	1473
1474	150	1496
1475	150	1491
1476	149	1485
1477	149	1488
1478	150	1497
1479	148	1480
1480	150	1500
1481	148	1478
1482	149	1490
1483	149	1486
1484	149	1489
1485	148	1475
1486	150	1499
1487	149	1484
1488	150	1495
1489	149	1487
1490	150	1492
1491	148	1472
1492	150	1498
1493	149	1482
1494	149	1481
1495	148	1479
1496	148	1476
1497	150	1494
1498	148	1474
1499	149	1483
1500	150	1493
1501	151	1501
1502	151	1502
1503	151	1505
1504	151	1504
1505	151	1503
1506	151	1509
1507	151	1507
1508	151	1508
1509	151	1506
1510	151	1510
1511	152	1512
1512	152	1518
1513	152	1514
1514	152	1520
1515	152	1519
1516	152	1513
1517	152	1511
1518	152	1517
1519	152	1515
1520	152	1516
1521	153	1528
1522	154	1532
1523	155	1546
1524	154	1539
1525	154	1538
1526	153	1527
1527	153	1524
1528	153	1521
1529	155	1545
1530	155	1542
1531	154	1533
1532	154	1540
1533	153	1526
1534	153	1523
1535	153	1525
1536	154	1531
1537	154	1536
1538	155	1541
1539	153	1529
1540	154	1534
1541	153	1530
1542	155	1550
1543	155	1543
1544	155	1549
1545	155	1548
1546	154	1535
1547	155	1547
1548	154	1537
1549	153	1522
1550	155	1544
1551	156	1551
1552	156	1552
1553	156	1554
1554	156	1555
1555	156	1553
1556	156	1557
1557	156	1558
1558	156	1556
1559	156	1559
1560	156	1560
1561	157	1564
1562	157	1566
1563	157	1561
1564	157	1567
1565	157	1563
1566	157	1569
1567	157	1570
1568	157	1562
1569	157	1568
1570	157	1565
1571	159	1584
1572	159	1587
1573	159	1583
1574	159	1586
1575	160	1592
1576	160	1600
1577	160	1598
1578	160	1594
1579	158	1571
1580	158	1580
1581	160	1599
1582	158	1574
1583	159	1585
1584	158	1578
1585	158	1577
1586	160	1597
1587	160	1591
1588	159	1581
1589	160	1593
1590	158	1576
1591	158	1573
1592	159	1582
1593	158	1572
1594	159	1588
1595	158	1579
1596	159	1589
1597	160	1595
1598	159	1590
1599	160	1596
1600	158	1575
1601	161	1601
1602	161	1602
1603	161	1604
1604	161	1605
1605	161	1603
1606	161	1607
1607	161	1609
1608	161	1606
1609	161	1608
1610	161	1610
1611	162	1611
1612	162	1614
1613	162	1615
1614	162	1618
1615	162	1620
1616	162	1613
1617	162	1619
1618	162	1617
1619	162	1616
1620	162	1612
1621	163	1621
1622	163	1625
1623	165	1643
1624	164	1634
1625	163	1629
1626	164	1631
1627	164	1637
1628	165	1649
1629	165	1646
1630	163	1627
1631	164	1636
1632	163	1628
1633	165	1641
1634	165	1645
1635	163	1624
1636	163	1630
1637	164	1632
1638	163	1626
1639	163	1623
1640	163	1622
1641	164	1633
1642	164	1635
1643	165	1647
1644	165	1642
1645	164	1640
1646	164	1638
1647	165	1650
1648	165	1644
1649	165	1648
1650	164	1639
1651	166	1651
1652	166	1652
1653	166	1653
1654	166	1654
1655	166	1656
1656	166	1655
1657	166	1657
1658	166	1658
1659	166	1659
1660	166	1660
1661	167	1661
1662	167	1664
1663	168	1671
1664	167	1669
1665	167	1670
1666	167	1665
1667	167	1668
1668	167	1663
1669	167	1662
1670	167	1666
1671	167	1667
1672	169	1682
1673	170	1695
1674	169	1689
1675	170	1691
1676	168	1673
1677	170	1696
1678	169	1683
1679	169	1690
1680	168	1676
1681	168	1674
1682	170	1694
1683	170	1693
1684	170	1699
1685	168	1675
1686	169	1681
1687	169	1684
1688	168	1677
1689	170	1700
1690	169	1686
1691	168	1680
1692	169	1685
1693	169	1688
1694	168	1672
1695	169	1687
1696	170	1692
1697	168	1679
1698	168	1678
1699	170	1698
1700	170	1697
1701	171	1701
1702	171	1702
1703	171	1703
1704	171	1704
1705	171	1705
1706	171	1706
1707	171	1709
1708	171	1707
1709	171	1708
1710	171	1710
1711	172	1712
1712	172	1711
1713	172	1716
1714	172	1720
1715	172	1714
1716	172	1717
1717	172	1715
1718	173	1721
1719	172	1718
1720	172	1719
1721	172	1713
1722	173	1729
1723	173	1728
1724	173	1727
1725	173	1722
1726	173	1723
1727	173	1724
1728	173	1730
1729	173	1726
1730	173	1725
1731	174	1736
1732	175	1745
1733	174	1731
1734	174	1737
1735	175	1746
1736	175	1749
1737	174	1733
1738	174	1738
1739	175	1747
1740	174	1732
1741	175	1744
1742	175	1748
1743	175	1741
1744	175	1750
1745	174	1739
1746	174	1734
1747	174	1735
1748	175	1743
1749	175	1742
1750	174	1740
1751	176	1751
1752	176	1752
1753	176	1753
1754	176	1757
1755	176	1755
1756	176	1754
1757	176	1756
1758	176	1758
1759	176	1759
1760	176	1760
1761	177	1761
1762	177	1762
1763	177	1763
1764	177	1768
1765	177	1765
1766	177	1766
1767	177	1767
1768	178	1771
1769	177	1770
1770	177	1769
1771	177	1764
1772	178	1772
1773	178	1777
1774	178	1776
1775	178	1773
1776	178	1779
1777	178	1780
1778	178	1774
1779	178	1778
1780	178	1775
1781	179	1789
1782	179	1785
1783	179	1783
1784	180	1800
1785	180	1794
1786	180	1796
1787	180	1792
1788	179	1788
1789	180	1793
1790	179	1786
1791	179	1784
1792	180	1797
1793	179	1782
1794	179	1787
1795	180	1795
1796	180	1798
1797	180	1791
1798	180	1799
1799	179	1790
1800	179	1781
1801	181	1802
1802	181	1801
1803	181	1803
1804	181	1807
1805	181	1805
1806	181	1806
1807	181	1804
1808	181	1808
1809	181	1809
1810	181	1810
1811	182	1811
1812	182	1812
1813	182	1813
1814	182	1814
1815	182	1815
1816	182	1820
1817	182	1816
1818	182	1819
1819	183	1822
1820	183	1821
1821	182	1818
1822	182	1817
1823	183	1823
1824	183	1829
1825	183	1830
1826	183	1825
1827	183	1827
1828	183	1828
1829	183	1826
1830	183	1824
1831	184	1831
1832	184	1832
1833	184	1833
1834	185	1846
1835	185	1850
1836	185	1847
1837	185	1845
1838	184	1834
1839	184	1840
1840	185	1849
1841	184	1839
1842	185	1843
1843	185	1848
1844	184	1836
1845	184	1837
1846	185	1844
1847	184	1835
1848	184	1838
1849	185	1842
1850	185	1841
1851	186	1851
1852	186	1852
1853	186	1854
1854	186	1853
1855	186	1855
1856	186	1856
1857	186	1858
1858	186	1857
1859	186	1859
1860	186	1860
1861	187	1862
1862	187	1861
1863	187	1863
1864	187	1864
1865	187	1865
1866	187	1870
1867	187	1866
1868	187	1868
1869	188	1872
1870	187	1869
1871	187	1867
1872	188	1873
1873	188	1871
1874	188	1879
1875	188	1874
1876	188	1875
1877	188	1878
1878	188	1877
1879	188	1876
1880	188	1880
1881	189	1881
1882	189	1882
1883	190	1898
1884	189	1887
1885	190	1893
1886	190	1899
1887	190	1894
1888	190	1897
1889	190	1891
1890	190	1900
1891	190	1895
1892	189	1885
1893	190	1892
1894	189	1883
1895	189	1890
1896	189	1884
1897	190	1896
1898	189	1886
1899	189	1888
1900	189	1889
1901	191	1902
1902	191	1901
1903	191	1903
1904	191	1904
1905	191	1905
1906	191	1908
1907	191	1906
1908	191	1907
1909	191	1909
1910	191	1910
1911	192	1911
1912	192	1913
1913	192	1912
1914	192	1914
1915	192	1915
1916	192	1916
1917	192	1918
1918	193	1923
1919	193	1921
1920	192	1917
1921	192	1920
1922	193	1922
1923	192	1919
1924	193	1929
1925	193	1928
1926	193	1930
1927	193	1927
1928	193	1926
1929	193	1924
1930	193	1925
1931	194	1931
1932	194	1932
1933	194	1933
1934	194	1938
1935	195	1944
1936	195	1948
1937	195	1950
1938	194	1939
1939	195	1941
1940	194	1937
1941	195	1949
1942	195	1942
1943	194	1934
1944	195	1943
1945	194	1935
1946	195	1946
1947	194	1940
1948	195	1945
1949	194	1936
1950	195	1947
1951	196	1951
1952	196	1952
1953	196	1954
1954	196	1953
1955	196	1955
1956	196	1957
1957	196	1958
1958	196	1956
1959	196	1959
1960	196	1960
1961	197	1962
1962	197	1961
1963	197	1963
1964	197	1964
1965	197	1965
1966	197	1966
1967	197	1967
1968	197	1969
1969	198	1973
1970	198	1972
1971	197	1970
1972	198	1971
1973	197	1968
1974	198	1974
1975	198	1975
1976	198	1977
1977	198	1976
1978	198	1978
1979	198	1980
1980	198	1979
1981	199	1981
1982	199	1982
1983	199	1983
1984	199	1984
1985	199	1985
1986	200	1991
1987	200	1996
1988	200	1998
1989	199	1986
1990	199	1990
1991	199	1989
1992	200	1994
1993	200	1992
1994	200	2000
1995	200	1997
1996	200	1995
1997	200	1993
1998	199	1987
1999	199	1988
2000	200	1999
2001	201	2001
2002	201	2002
2003	201	2004
2004	201	2003
2005	201	2008
2006	201	2006
2007	201	2005
2008	201	2009
2009	201	2007
2010	201	2010
2011	202	2013
2012	202	2011
2013	202	2012
2014	202	2014
2015	202	2016
2016	202	2015
2017	202	2017
2018	202	2018
2019	203	2023
2020	202	2020
2021	203	2021
2022	203	2022
2023	202	2019
2024	203	2024
2025	203	2025
2026	203	2026
2027	203	2028
2028	203	2029
2029	203	2030
2030	203	2027
2031	204	2031
2032	204	2032
2033	204	2033
2034	204	2034
2035	205	2047
2036	204	2039
2037	205	2046
2038	205	2045
2039	205	2050
2040	205	2043
2041	205	2044
2042	204	2038
2043	205	2042
2044	205	2049
2045	204	2040
2046	205	2041
2047	204	2035
2048	204	2036
2049	204	2037
2050	205	2048
2051	206	2052
2052	206	2051
2053	206	2054
2054	206	2053
2055	206	2057
2056	206	2055
2057	206	2056
2058	206	2059
2059	206	2058
2060	206	2060
2061	207	2061
2062	207	2063
2063	207	2062
2064	207	2064
2065	207	2066
2066	207	2065
2067	207	2067
2068	207	2070
2069	208	2071
2070	207	2069
2071	208	2073
2072	208	2072
2073	207	2068
2074	208	2074
2075	208	2075
2076	208	2077
2077	208	2076
2078	208	2078
2079	208	2079
2080	209	2081
2081	208	2080
2082	209	2082
2083	209	2083
2084	209	2084
2085	209	2085
2086	210	2095
2087	210	2100
2088	209	2086
2089	210	2099
2090	210	2092
2091	209	2089
2092	209	2088
2093	210	2096
2094	210	2093
2095	210	2094
2096	210	2098
2097	210	2091
2098	209	2087
2099	209	2090
2100	210	2097
2101	211	2102
2102	211	2101
2103	211	2103
2104	211	2104
2105	211	2106
2106	211	2107
2107	211	2109
2108	211	2108
2109	211	2105
2110	211	2110
2111	212	2112
2112	212	2111
2113	212	2114
2114	212	2113
2115	212	2115
2116	212	2116
2117	212	2117
2118	212	2118
2119	212	2119
2120	213	2122
2121	213	2123
2122	213	2124
2123	213	2121
2124	212	2120
2125	213	2125
2126	213	2129
2127	214	2131
2128	213	2127
2129	213	2130
2130	213	2126
2131	213	2128
2132	214	2132
2133	214	2133
2134	214	2134
2135	214	2135
2136	214	2136
2137	215	2144
2138	215	2143
2139	214	2138
2140	215	2150
2141	215	2149
2142	214	2137
2143	214	2140
2144	215	2145
2145	215	2147
2146	215	2146
2147	215	2141
2148	215	2142
2149	215	2148
2150	214	2139
2151	216	2152
2152	216	2151
2153	216	2154
2154	216	2153
2155	216	2159
2156	216	2158
2157	216	2155
2158	216	2157
2159	216	2156
2160	216	2160
2161	217	2161
2162	217	2162
2163	217	2165
2164	217	2163
2165	217	2164
2166	217	2168
2167	217	2166
2168	217	2167
2169	217	2169
2170	217	2170
2171	218	2175
2172	218	2172
2173	218	2174
2174	218	2171
2175	218	2173
2176	218	2179
2177	218	2178
2178	218	2180
2179	218	2176
2180	219	2181
2181	218	2177
2182	219	2182
2183	219	2183
2184	219	2184
2185	219	2185
2186	219	2186
2187	219	2187
2188	219	2188
2189	219	2189
2190	219	2190
2191	220	2195
2192	220	2192
2193	220	2198
2194	220	2200
2195	220	2193
2196	220	2194
2197	220	2199
2198	220	2196
2199	220	2191
2200	220	2197
2201	221	2202
2202	221	2201
2203	221	2204
2204	221	2203
2205	221	2206
2206	221	2207
2207	221	2209
2208	221	2205
2209	221	2208
2210	221	2210
2211	222	2212
2212	222	2211
2213	222	2213
2214	222	2215
2215	222	2214
2216	222	2219
2217	222	2216
2218	222	2218
2219	222	2217
2220	223	2225
2221	223	2224
2222	223	2222
2223	223	2223
2224	222	2220
2225	223	2221
2226	223	2230
2227	223	2229
2228	223	2227
2229	224	2231
2230	223	2226
2231	223	2228
2232	224	2232
2233	224	2235
2234	224	2234
2235	224	2233
2236	224	2236
2237	224	2237
2238	224	2238
2239	225	2249
2240	224	2240
2241	225	2246
2242	225	2242
2243	225	2243
2244	224	2239
2245	225	2250
2246	225	2244
2247	225	2248
2248	225	2245
2249	225	2241
2250	225	2247
2251	226	2251
2252	226	2252
2253	226	2255
2254	226	2253
2255	226	2254
2256	226	2257
2257	226	2256
2258	226	2258
2259	226	2259
2260	226	2260
2261	227	2263
2262	227	2264
2263	227	2261
2264	227	2262
2265	227	2266
2266	227	2265
2267	227	2269
2268	227	2268
2269	227	2267
2270	228	2275
2271	228	2274
2272	228	2272
2273	228	2273
2274	228	2271
2275	227	2270
2276	228	2280
2277	228	2278
2278	228	2276
2279	228	2279
2280	229	2281
2281	228	2277
2282	229	2282
2283	229	2286
2284	229	2285
2285	229	2283
2286	229	2284
2287	229	2287
2288	229	2288
2289	229	2289
2290	230	2293
2291	230	2295
2292	230	2299
2293	230	2296
2294	230	2297
2295	230	2292
2296	229	2290
2297	230	2291
2298	230	2300
2299	230	2298
2300	230	2294
2301	231	2301
2302	231	2302
2303	231	2303
2304	231	2304
2305	231	2305
2306	231	2306
2307	231	2307
2308	231	2308
2309	231	2309
2310	231	2310
2311	232	2311
2312	232	2312
2313	232	2314
2314	232	2313
2315	232	2319
2316	232	2318
2317	232	2317
2318	232	2316
2319	232	2315
2320	233	2323
2321	233	2322
2322	233	2325
2323	232	2320
2324	233	2324
2325	233	2321
2326	233	2329
2327	233	2327
2328	233	2328
2329	234	2331
2330	233	2326
2331	233	2330
2332	234	2332
2333	234	2334
2334	234	2336
2335	234	2333
2336	234	2335
2337	234	2337
2338	234	2338
2339	234	2339
2340	234	2340
2341	235	2342
2342	235	2349
2343	235	2346
2344	235	2343
2345	235	2341
2346	235	2345
2347	235	2347
2348	235	2350
2349	235	2344
2350	235	2348
2351	236	2351
2352	236	2352
2353	236	2353
2354	236	2354
2355	236	2356
2356	236	2355
2357	236	2357
2358	236	2358
2359	236	2359
2360	236	2360
2361	237	2363
2362	237	2365
2363	237	2364
2364	237	2362
2365	237	2361
2366	237	2366
2367	237	2370
2368	237	2367
2369	237	2369
2370	237	2368
2371	238	2373
2372	238	2372
2373	238	2375
2374	238	2374
2375	238	2371
2376	238	2379
2377	238	2380
2378	239	2381
2379	238	2378
2380	238	2377
2381	238	2376
2382	239	2382
2383	239	2386
2384	239	2385
2385	239	2383
2386	239	2384
2387	239	2387
2388	239	2388
2389	239	2389
2390	239	2390
2391	240	2391
2392	240	2393
2393	240	2399
2394	240	2397
2395	240	2396
2396	240	2400
2397	240	2394
2398	240	2398
2399	240	2392
2400	240	2395
2401	241	2401
2402	241	2402
2403	241	2403
2404	241	2404
2405	241	2405
2406	241	2406
2407	241	2407
2408	241	2408
2409	241	2409
2410	241	2410
2411	242	2414
2412	242	2412
2413	242	2415
2414	242	2411
2415	242	2413
2416	242	2418
2417	243	2421
2418	242	2420
2419	243	2422
2420	243	2424
2421	242	2417
2422	243	2425
2423	243	2423
2424	242	2416
2425	242	2419
2426	243	2430
2427	243	2427
2428	243	2428
2429	244	2431
2430	243	2429
2431	243	2426
2432	244	2432
2433	244	2433
2434	244	2436
2435	244	2435
2436	244	2434
2437	244	2437
2438	244	2440
2439	244	2439
2440	244	2438
2441	245	2441
2442	245	2442
2443	245	2443
2444	245	2450
2445	245	2446
2446	245	2448
2447	245	2447
2448	245	2449
2449	245	2445
2450	245	2444
2451	246	2452
2452	246	2451
2453	246	2454
2454	246	2453
2455	246	2455
2456	246	2456
2457	246	2459
2458	246	2458
2459	246	2457
2460	246	2460
2461	247	2464
2462	247	2463
2463	247	2461
2464	247	2462
2465	247	2465
2466	247	2470
2467	248	2474
2468	247	2469
2469	248	2472
2470	247	2468
2471	247	2466
2472	247	2467
2473	248	2475
2474	248	2471
2475	248	2473
2476	249	2481
2477	248	2480
2478	248	2477
2479	248	2478
2480	248	2476
2481	248	2479
2482	249	2482
2483	249	2483
2484	249	2484
2485	249	2485
2486	249	2486
2487	249	2487
2488	249	2488
2489	250	2491
2490	249	2489
2491	249	2490
2492	250	2492
2493	250	2493
2494	250	2499
2495	250	2495
2496	250	2494
2497	250	2496
2498	250	2497
2499	250	2500
2500	250	2498
2501	251	2502
2502	251	2501
2503	251	2504
2504	251	2505
2505	251	2503
2506	251	2506
2507	251	2507
2508	251	2509
2509	251	2510
2510	251	2508
2511	252	2512
2512	252	2511
2513	252	2514
2514	252	2515
2515	252	2513
2516	252	2517
2517	252	2516
2518	253	2522
2519	252	2518
2520	252	2519
2521	252	2520
2522	253	2521
2523	253	2523
2524	253	2524
2525	253	2525
2526	253	2526
2527	253	2527
2528	253	2529
2529	253	2530
2530	254	2531
2531	253	2528
2532	254	2532
2533	254	2533
2534	254	2534
2535	254	2535
2536	254	2537
2537	254	2536
2538	254	2538
2539	254	2540
2540	254	2539
2541	255	2541
2542	255	2542
2543	255	2543
2544	255	2548
2545	255	2546
2546	255	2547
2547	255	2544
2548	255	2550
2549	255	2545
2550	255	2549
2551	256	2551
2552	256	2552
2553	256	2555
2554	256	2554
2555	256	2553
2556	256	2556
2557	256	2560
2558	256	2559
2559	256	2557
2560	256	2558
2561	257	2563
2562	257	2564
2563	257	2565
2564	257	2562
2565	257	2561
2566	258	2575
2567	258	2574
2568	258	2573
2569	257	2570
2570	257	2569
2571	257	2566
2572	257	2567
2573	257	2568
2574	258	2571
2575	258	2572
2576	258	2576
2577	259	2581
2578	259	2582
2579	258	2580
2580	258	2579
2581	258	2577
2582	258	2578
2583	259	2583
2584	259	2584
2585	259	2585
2586	259	2587
2587	259	2588
2588	259	2586
2589	259	2589
2590	260	2592
2591	260	2593
2592	259	2590
2593	260	2591
2594	260	2594
2595	260	2595
2596	260	2597
2597	260	2600
2598	260	2599
2599	260	2596
2600	260	2598
2601	261	2602
2602	261	2601
2603	261	2606
2604	261	2605
2605	261	2604
2606	261	2603
2607	261	2610
2608	261	2609
2609	261	2608
2610	261	2607
2611	262	2615
2612	262	2613
2613	262	2611
2614	262	2612
2615	262	2614
2616	263	2621
2617	263	2624
2618	263	2623
2619	262	2617
2620	262	2619
2621	262	2618
2622	262	2620
2623	263	2622
2624	263	2625
2625	262	2616
2626	263	2626
2627	263	2627
2628	264	2631
2629	263	2629
2630	264	2632
2631	263	2628
2632	263	2630
2633	264	2635
2634	264	2634
2635	264	2633
2636	264	2636
2637	264	2637
2638	264	2638
2639	264	2639
2640	264	2640
2641	265	2643
2642	265	2642
2643	265	2641
2644	265	2649
2645	265	2645
2646	265	2644
2647	265	2648
2648	265	2646
2649	265	2650
2650	265	2647
2651	266	2651
2652	266	2652
2653	266	2654
2654	266	2653
2655	266	2656
2656	266	2655
2657	266	2660
2658	266	2658
2659	266	2657
2660	266	2659
2661	267	2663
2662	267	2661
2663	267	2665
2664	267	2664
2665	267	2662
2666	267	2667
2667	267	2666
2668	268	2672
2669	268	2673
2670	268	2675
2671	267	2670
2672	268	2674
2673	267	2668
2674	268	2671
2675	267	2669
2676	268	2676
2677	268	2678
2678	268	2677
2679	269	2682
2680	269	2681
2681	268	2679
2682	268	2680
2683	269	2685
2684	269	2683
2685	269	2684
2686	269	2687
2687	269	2688
2688	269	2686
2689	269	2689
2690	269	2690
2691	270	2691
2692	270	2692
2693	270	2693
2694	270	2699
2695	270	2700
2696	270	2695
2697	270	2694
2698	270	2696
2699	270	2697
2700	270	2698
2701	271	2702
2702	271	2701
2703	271	2703
2704	271	2705
2705	271	2704
2706	271	2706
2707	271	2707
2708	271	2708
2709	271	2709
2710	271	2710
2711	272	2713
2712	272	2715
2713	272	2714
2714	272	2711
2715	272	2712
2716	273	2724
2717	273	2725
2718	273	2722
2719	272	2716
2720	273	2721
2721	272	2718
2722	272	2720
2723	272	2719
2724	273	2723
2725	272	2717
2726	273	2726
2727	273	2729
2728	273	2728
2729	273	2727
2730	274	2731
2731	274	2732
2732	273	2730
2733	274	2734
2734	274	2735
2735	274	2733
2736	274	2736
2737	274	2737
2738	274	2738
2739	274	2739
2740	274	2740
2741	275	2743
2742	275	2742
2743	275	2741
2744	275	2744
2745	275	2750
2746	275	2749
2747	275	2747
2748	275	2748
2749	275	2745
2750	275	2746
2751	276	2751
2752	276	2752
2753	276	2753
2754	276	2754
2755	276	2755
2756	276	2756
2757	276	2757
2758	276	2759
2759	276	2758
2760	276	2760
2761	277	2765
2762	277	2763
2763	277	2762
2764	277	2764
2765	277	2761
2766	277	2766
2767	277	2769
2768	278	2775
2769	278	2772
2770	278	2774
2771	277	2770
2772	278	2771
2773	278	2776
2774	278	2773
2775	277	2767
2776	277	2768
2777	278	2779
2778	278	2777
2779	278	2778
2780	279	2782
2781	279	2781
2782	278	2780
2783	279	2784
2784	279	2785
2785	279	2783
2786	279	2787
2787	279	2788
2788	279	2786
2789	279	2789
2790	279	2790
2791	280	2791
2792	280	2793
2793	280	2792
2794	280	2794
2795	280	2798
2796	280	2795
2797	280	2797
2798	280	2799
2799	280	2796
2800	280	2800
2801	281	2802
2802	281	2801
2803	281	2803
2804	281	2804
2805	281	2805
2806	281	2807
2807	281	2809
2808	281	2806
2809	281	2810
2810	281	2808
2811	282	2811
2812	282	2812
2813	282	2815
2814	282	2814
2815	282	2813
2816	282	2816
2817	283	2826
2818	282	2819
2819	283	2823
2820	283	2825
2821	282	2820
2822	282	2818
2823	283	2822
2824	282	2817
2825	283	2821
2826	283	2824
2827	283	2829
2828	283	2828
2829	283	2827
2830	284	2832
2831	284	2831
2832	283	2830
2833	284	2833
2834	284	2834
2835	284	2835
2836	284	2838
2837	284	2839
2838	284	2837
2839	284	2836
2840	284	2840
2841	285	2841
2842	285	2842
2843	285	2843
2844	285	2844
2845	285	2846
2846	285	2847
2847	285	2845
2848	285	2848
2849	285	2850
2850	285	2849
2851	286	2851
2852	286	2852
2853	286	2853
2854	286	2855
2855	286	2854
2856	286	2857
2857	286	2858
2858	286	2859
2859	286	2860
2860	286	2856
2861	287	2863
2862	287	2862
2863	287	2861
2864	287	2864
2865	287	2865
2866	288	2871
2867	288	2874
2868	288	2873
2869	288	2875
2870	288	2872
2871	287	2867
2872	287	2869
2873	288	2876
2874	287	2868
2875	287	2870
2876	287	2866
2877	288	2879
2878	288	2877
2879	288	2878
2880	288	2880
2881	289	2882
2882	289	2881
2883	289	2885
2884	289	2883
2885	289	2884
2886	289	2888
2887	289	2890
2888	289	2889
2889	290	2891
2890	289	2886
2891	289	2887
2892	290	2892
2893	290	2893
2894	290	2894
2895	290	2895
2896	290	2900
2897	290	2896
2898	290	2899
2899	290	2897
2900	290	2898
2901	291	2902
2902	291	2901
2903	291	2903
2904	291	2904
2905	291	2905
2906	291	2907
2907	291	2910
2908	291	2909
2909	291	2906
2910	291	2908
2911	292	2911
2912	292	2915
2913	292	2916
2914	292	2913
2915	292	2912
2916	292	2914
2917	293	2921
2918	292	2919
2919	292	2918
2920	292	2920
2921	293	2924
2922	293	2922
2923	292	2917
2924	293	2925
2925	293	2923
2926	293	2926
2927	293	2927
2928	293	2928
2929	293	2929
2930	294	2931
2931	294	2932
2932	293	2930
2933	294	2934
2934	294	2935
2935	294	2933
2936	295	2941
2937	294	2938
2938	294	2937
2939	295	2943
2940	294	2936
2941	294	2939
2942	295	2942
2943	294	2940
2944	295	2944
2945	295	2945
2946	295	2946
2947	295	2947
2948	295	2949
2949	295	2950
2950	295	2948
2951	296	2952
2952	296	2951
2953	296	2955
2954	296	2953
2955	296	2954
2956	296	2958
2957	296	2956
2958	296	2959
2959	296	2960
2960	296	2957
2961	297	2965
2962	297	2963
2963	297	2964
2964	297	2962
2965	297	2966
2966	297	2961
2967	298	2974
2968	298	2976
2969	298	2971
2970	298	2972
2971	297	2969
2972	297	2967
2973	297	2968
2974	297	2970
2975	298	2975
2976	298	2973
2977	298	2977
2978	298	2979
2979	298	2978
2980	299	2981
2981	298	2980
2982	299	2982
2983	299	2983
2984	299	2984
2985	299	2985
2986	299	2986
2987	299	2988
2988	300	2991
2989	300	2993
2990	299	2989
2991	299	2987
2992	300	2994
2993	300	2995
2994	300	2992
2995	299	2990
2996	300	2998
2997	300	3000
2998	300	2997
2999	300	2996
3000	300	2999
3001	301	3001
3002	301	3002
3003	301	3004
3004	301	3003
3005	301	3006
3006	301	3005
3007	301	3007
3008	301	3008
3009	301	3010
3010	301	3009
3011	302	3013
3012	302	3014
3013	302	3012
3014	302	3016
3015	302	3015
3016	302	3011
3017	303	3022
3018	303	3024
3019	302	3019
3020	302	3018
3021	303	3026
3022	303	3021
3023	303	3025
3024	302	3017
3025	303	3023
3026	302	3020
3027	303	3028
3028	303	3029
3029	303	3027
3030	304	3032
3031	304	3031
3032	303	3030
3033	304	3035
3034	304	3034
3035	304	3033
3036	305	3044
3037	305	3042
3038	304	3036
3039	304	3037
3040	305	3043
3041	305	3041
3042	304	3038
3043	304	3039
3044	305	3045
3045	304	3040
3046	305	3046
3047	305	3048
3048	305	3049
3049	305	3050
3050	305	3047
3051	306	3051
3052	306	3052
3053	306	3056
3054	306	3054
3055	306	3055
3056	306	3053
3057	306	3060
3058	306	3059
3059	306	3058
3060	306	3057
3061	307	3064
3062	307	3065
3063	307	3062
3064	307	3063
3065	307	3066
3066	307	3061
3067	307	3068
3068	307	3069
3069	308	3072
3070	307	3067
3071	308	3073
3072	308	3075
3073	307	3070
3074	308	3076
3075	308	3074
3076	308	3071
3077	308	3078
3078	308	3079
3079	308	3077
3080	309	3081
3081	309	3082
3082	308	3080
3083	309	3083
3084	309	3085
3085	309	3084
3086	309	3086
3087	309	3088
3088	309	3089
3089	310	3096
3090	310	3091
3091	309	3087
3092	310	3095
3093	310	3092
3094	310	3094
3095	309	3090
3096	310	3093
3097	310	3099
3098	310	3100
3099	310	3098
3100	310	3097
3101	311	3102
3102	311	3101
3103	311	3104
3104	311	3105
3105	311	3103
3106	311	3106
3107	311	3107
3108	311	3110
3109	311	3108
3110	311	3109
3111	312	3112
3112	312	3114
3113	312	3113
3114	312	3115
3115	312	3116
3116	312	3111
3117	313	3123
3118	312	3119
3119	313	3124
3120	313	3121
3121	313	3122
3122	313	3126
3123	313	3125
3124	312	3117
3125	312	3120
3126	312	3118
3127	313	3127
3128	313	3129
3129	313	3128
3130	313	3130
3131	314	3132
3132	314	3131
3133	314	3133
3134	314	3134
3135	314	3136
3136	314	3135
3137	314	3137
3138	315	3149
3139	315	3146
3140	315	3145
3141	314	3138
3142	315	3150
3143	315	3147
3144	315	3144
3145	315	3143
3146	315	3148
3147	315	3142
3148	314	3140
3149	314	3139
3150	315	3141
3151	316	3152
3152	316	3151
3153	316	3153
3154	316	3156
3155	316	3154
3156	316	3155
3157	316	3158
3158	316	3160
3159	316	3159
3160	316	3157
3161	317	3164
3162	317	3163
3163	317	3166
3164	317	3161
3165	317	3162
3166	317	3165
3167	318	3176
3168	317	3170
3169	318	3175
3170	318	3174
3171	318	3172
3172	318	3171
3173	318	3173
3174	317	3168
3175	317	3167
3176	317	3169
3177	318	3177
3178	318	3178
3179	318	3179
3180	318	3180
3181	319	3181
3182	319	3182
3183	319	3183
3184	319	3184
3185	319	3185
3186	319	3186
3187	319	3187
3188	320	3197
3189	320	3194
3190	320	3200
3191	320	3199
3192	319	3189
3193	320	3192
3194	319	3190
3195	320	3198
3196	319	3188
3197	320	3191
3198	320	3196
3199	320	3193
3200	320	3195
3201	321	3201
3202	321	3202
3203	321	3204
3204	321	3205
3205	321	3203
3206	321	3206
3207	321	3210
3208	321	3208
3209	321	3209
3210	321	3207
3211	322	3213
3212	322	3214
3213	322	3212
3214	322	3211
3215	322	3215
3216	322	3216
3217	323	3225
3218	322	3217
3219	323	3224
3220	323	3222
3221	322	3218
3222	322	3220
3223	323	3223
3224	323	3226
3225	323	3221
3226	322	3219
3227	323	3227
3228	323	3228
3229	323	3229
3230	323	3230
3231	324	3232
3232	324	3231
3233	324	3234
3234	324	3233
3235	324	3235
3236	324	3236
3237	324	3237
3238	325	3249
3239	325	3246
3240	324	3238
3241	325	3242
3242	325	3247
3243	325	3248
3244	325	3244
3245	325	3250
3246	325	3243
3247	324	3240
3248	325	3241
3249	325	3245
3250	324	3239
3251	326	3251
3252	326	3252
3253	326	3255
3254	326	3254
3255	326	3256
3256	326	3253
3257	326	3258
3258	326	3260
3259	326	3259
3260	326	3257
3261	327	3263
3262	327	3262
3263	327	3265
3264	327	3266
3265	327	3261
3266	327	3264
3267	328	3273
3268	328	3276
3269	327	3270
3270	327	3268
3271	328	3274
3272	327	3269
3273	328	3275
3274	328	3271
3275	327	3267
3276	328	3272
3277	328	3277
3278	328	3278
3279	328	3279
3280	328	3280
3281	329	3281
3282	329	3282
3283	329	3283
3284	329	3284
3285	329	3285
3286	329	3286
3287	329	3287
3288	329	3288
3289	330	3292
3290	329	3289
3291	330	3295
3292	330	3298
3293	330	3294
3294	330	3300
3295	330	3291
3296	330	3299
3297	329	3290
3298	330	3293
3299	330	3297
3300	330	3296
3301	331	3302
3302	331	3301
3303	331	3305
3304	331	3304
3305	331	3306
3306	331	3303
3307	331	3310
3308	331	3307
3309	331	3308
3310	331	3309
3311	332	3312
3312	332	3313
3313	332	3314
3314	332	3316
3315	332	3315
3316	332	3311
3317	333	3323
3318	333	3324
3319	333	3322
3320	332	3317
3321	333	3321
3322	332	3320
3323	332	3318
3324	333	3326
3325	332	3319
3326	333	3325
3327	333	3328
3328	333	3327
3329	333	3329
3330	334	3331
3331	333	3330
3332	334	3332
3333	334	3334
3334	334	3333
3335	334	3335
3336	334	3337
3337	334	3336
3338	334	3338
3339	334	3339
3340	335	3348
3341	335	3341
3342	335	3345
3343	335	3350
3344	335	3342
3345	334	3340
3346	335	3349
3347	335	3347
3348	335	3343
3349	335	3346
3350	335	3344
3351	336	3352
3352	336	3351
3353	336	3355
3354	336	3353
3355	336	3354
3356	336	3356
3357	336	3359
3358	336	3360
3359	336	3357
3360	336	3358
3361	337	3364
3362	337	3366
3363	337	3363
3364	337	3365
3365	337	3362
3366	337	3361
3367	338	3375
3368	338	3374
3369	338	3373
3370	338	3376
3371	337	3369
3372	337	3368
3373	338	3372
3374	338	3371
3375	337	3370
3376	337	3367
3377	338	3377
3378	338	3378
3379	338	3380
3380	339	3381
3381	338	3379
3382	339	3382
3383	339	3383
3384	339	3384
3385	339	3385
3386	339	3386
3387	339	3387
3388	339	3388
3389	339	3390
3390	339	3389
3391	340	3392
3392	340	3393
3393	340	3399
3394	340	3391
3395	340	3397
3396	340	3395
3397	340	3398
3398	340	3396
3399	340	3394
3400	340	3400
3401	341	3401
3402	341	3402
3403	341	3403
3404	341	3407
3405	341	3404
3406	341	3406
3407	341	3405
3408	341	3410
3409	341	3409
3410	341	3408
3411	342	3415
3412	342	3414
3413	342	3416
3414	342	3411
3415	342	3413
3416	342	3412
3417	342	3420
3418	342	3418
3419	343	3425
3420	343	3423
3421	343	3422
3422	342	3417
3423	342	3419
3424	343	3424
3425	343	3421
3426	343	3426
3427	343	3427
3428	343	3428
3429	343	3430
3430	344	3431
3431	343	3429
3432	344	3432
3433	344	3433
3434	344	3434
3435	344	3435
3436	344	3436
3437	344	3438
3438	344	3437
3439	345	3443
3440	345	3447
3441	345	3449
3442	345	3446
3443	344	3440
3444	344	3439
3445	345	3445
3446	345	3448
3447	345	3444
3448	345	3442
3449	345	3450
3450	345	3441
3451	346	3451
3452	346	3452
3453	346	3453
3454	346	3455
3455	346	3454
3456	346	3457
3457	346	3456
3458	346	3459
3459	346	3458
3460	346	3460
3461	347	3464
3462	347	3466
3463	347	3462
3464	347	3465
3465	347	3461
3466	347	3463
3467	347	3469
3468	348	3471
3469	347	3467
3470	347	3470
3471	348	3476
3472	347	3468
3473	348	3474
3474	348	3475
3475	348	3472
3476	348	3473
3477	348	3478
3478	348	3479
3479	348	3477
3480	349	3482
3481	349	3481
3482	348	3480
3483	349	3483
3484	349	3484
3485	349	3485
3486	349	3486
3487	349	3488
3488	349	3487
3489	349	3489
3490	349	3490
3491	350	3492
3492	350	3497
3493	350	3499
3494	350	3494
3495	350	3493
3496	350	3495
3497	350	3491
3498	350	3498
3499	350	3500
3500	350	3496
3501	351	3502
3502	351	3501
3503	351	3507
3504	351	3506
3505	351	3503
3506	351	3505
3507	351	3504
3508	351	3508
3509	351	3510
3510	351	3509
3511	352	3511
3512	352	3516
3513	352	3513
3514	352	3512
3515	352	3514
3516	352	3515
3517	353	3524
3518	353	3523
3519	353	3522
3520	353	3526
3521	352	3517
3522	352	3519
3523	353	3521
3524	352	3520
3525	352	3518
3526	353	3525
3527	353	3527
3528	353	3529
3529	353	3528
3530	354	3531
3531	353	3530
3532	354	3533
3533	354	3532
3534	354	3534
3535	354	3535
3536	354	3536
3537	355	3549
3538	355	3545
3539	355	3544
3540	354	3537
3541	355	3542
3542	354	3538
3543	355	3546
3544	355	3548
3545	355	3543
3546	354	3540
3547	355	3547
3548	355	3541
3549	354	3539
3550	355	3550
3551	356	3551
3552	356	3552
3553	356	3556
3554	356	3557
3555	356	3555
3556	356	3554
3557	356	3553
3558	356	3558
3559	356	3560
3560	356	3559
3561	357	3563
3562	357	3565
3563	357	3564
3564	357	3561
3565	357	3562
3566	357	3566
3567	358	3572
3568	358	3575
3569	357	3569
3570	358	3574
3571	357	3567
3572	358	3576
3573	357	3570
3574	358	3571
3575	357	3568
3576	358	3573
3577	358	3577
3578	358	3578
3579	358	3579
3580	359	3583
3581	359	3581
3582	359	3582
3583	358	3580
3584	359	3584
3585	359	3585
3586	359	3586
3587	360	3592
3588	360	3596
3589	360	3591
3590	360	3598
3591	359	3587
3592	359	3588
3593	360	3595
3594	360	3593
3595	360	3599
3596	360	3597
3597	360	3594
3598	359	3590
3599	359	3589
3600	360	3600
3601	361	3602
3602	361	3601
3603	361	3603
3604	361	3604
3605	361	3605
3606	361	3606
3607	361	3607
3608	361	3608
3609	361	3610
3610	361	3609
3611	362	3613
3612	362	3612
3613	362	3615
3614	362	3614
3615	362	3616
3616	362	3611
3617	362	3617
3618	363	3622
3619	362	3619
3620	363	3624
3621	363	3623
3622	363	3621
3623	363	3625
3624	363	3626
3625	362	3620
3626	362	3618
3627	363	3628
3628	363	3627
3629	363	3629
3630	364	3631
3631	363	3630
3632	364	3633
3633	364	3632
3634	364	3635
3635	364	3634
3636	364	3636
3637	364	3637
3638	365	3649
3639	365	3641
3640	365	3643
3641	364	3638
3642	365	3644
3643	365	3646
3644	365	3645
3645	365	3642
3646	364	3639
3647	365	3648
3648	365	3647
3649	364	3640
3650	365	3650
3651	366	3651
3652	366	3652
3653	366	3656
3654	366	3655
3655	366	3653
3656	366	3654
3657	366	3657
3658	366	3659
3659	366	3658
3660	366	3660
3661	367	3662
3662	367	3664
3663	367	3661
3664	367	3666
3665	367	3663
3666	367	3665
3667	368	3675
3668	367	3668
3669	367	3669
3670	368	3672
3671	368	3671
3672	367	3670
3673	368	3674
3674	368	3673
3675	367	3667
3676	368	3676
3677	368	3677
3678	368	3679
3679	368	3678
3680	368	3680
3681	369	3682
3682	369	3683
3683	369	3681
3684	369	3684
3685	369	3686
3686	369	3685
3687	369	3688
3688	370	3695
3689	369	3687
3690	370	3693
3691	369	3690
3692	370	3692
3693	370	3691
3694	369	3689
3695	370	3694
3696	370	3697
3697	370	3696
3698	370	3699
3699	370	3700
3700	370	3698
3701	371	3701
3702	371	3702
3703	371	3705
3704	371	3706
3705	371	3704
3706	371	3703
3707	371	3707
3708	371	3708
3709	371	3709
3710	371	3710
3711	372	3713
3712	372	3715
3713	372	3716
3714	372	3711
3715	372	3714
3716	372	3712
3717	373	3726
3718	372	3720
3719	373	3723
3720	373	3722
3721	372	3718
3722	373	3721
3723	372	3717
3724	373	3725
3725	372	3719
3726	373	3724
3727	373	3729
3728	373	3727
3729	373	3728
3730	374	3733
3731	373	3730
3732	374	3732
3733	374	3734
3734	374	3731
3735	374	3735
3736	374	3736
3737	374	3737
3738	374	3738
3739	375	3745
3740	375	3742
3741	375	3744
3742	374	3739
3743	375	3743
3744	374	3740
3745	375	3741
3746	375	3746
3747	375	3748
3748	375	3750
3749	375	3747
3750	375	3749
3751	376	3751
3752	376	3752
3753	376	3757
3754	376	3753
3755	376	3754
3756	376	3756
3757	376	3755
3758	376	3758
3759	376	3760
3760	376	3759
3761	377	3765
3762	377	3762
3763	377	3763
3764	377	3761
3765	377	3766
3766	377	3764
3767	377	3767
3768	378	3771
3769	377	3769
3770	378	3776
3771	377	3768
3772	378	3774
3773	378	3775
3774	378	3772
3775	377	3770
3776	378	3773
3777	378	3778
3778	378	3777
3779	378	3779
3780	378	3780
3781	379	3783
3782	379	3781
3783	379	3784
3784	379	3786
3785	379	3782
3786	379	3785
3787	379	3787
3788	379	3788
3789	379	3789
3790	379	3790
3791	380	3791
3792	380	3794
3793	380	3793
3794	380	3795
3795	380	3792
3796	380	3796
3797	380	3800
3798	380	3797
3799	380	3799
3800	380	3798
3801	381	3802
3802	381	3801
3803	381	3804
3804	381	3806
3805	381	3805
3806	381	3807
3807	381	3803
3808	381	3808
3809	381	3809
3810	381	3810
3811	382	3812
3812	382	3815
3813	382	3811
3814	382	3816
3815	382	3813
3816	382	3814
3817	383	3822
3818	382	3818
3819	382	3817
3820	383	3821
3821	382	3820
3822	383	3826
3823	382	3819
3824	383	3825
3825	383	3824
3826	383	3823
3827	383	3827
3828	383	3829
3829	383	3828
3830	383	3830
3831	384	3831
3832	384	3839
3833	384	3837
3834	384	3833
3835	384	3836
3836	384	3838
3837	384	3834
3838	384	3832
3839	384	3835
3840	384	3840
3841	385	3846
3842	385	3843
3843	385	3842
3844	385	3845
3845	385	3844
3846	385	3841
3847	385	3847
3848	385	3850
3849	385	3849
3850	385	3848
3851	386	3851
3852	386	3852
3853	386	3854
3854	386	3856
3855	386	3855
3856	386	3853
3857	386	3857
3858	386	3860
3859	386	3858
3860	386	3859
3861	387	3865
3862	387	3861
3863	387	3866
3864	387	3863
3865	387	3864
3866	387	3862
3867	388	3873
3868	388	3872
3869	388	3875
3870	387	3870
3871	388	3871
3872	387	3869
3873	388	3874
3874	387	3867
3875	388	3876
3876	387	3868
3877	388	3877
3878	388	3879
3879	388	3878
3880	388	3880
3881	389	3883
3882	389	3882
3883	389	3881
3884	389	3884
3885	389	3890
3886	389	3887
3887	389	3886
3888	389	3888
3889	389	3885
3890	389	3889
3891	390	3891
3892	390	3895
3893	390	3893
3894	390	3896
3895	390	3894
3896	390	3892
3897	390	3898
3898	390	3899
3899	390	3897
3900	390	3900
3901	391	3902
3902	391	3901
3903	391	3904
3904	391	3903
3905	391	3905
3906	391	3906
3907	391	3907
3908	391	3910
3909	391	3909
3910	391	3908
3911	392	3916
3912	392	3913
3913	392	3914
3914	392	3911
3915	392	3915
3916	392	3912
3917	392	3920
3918	393	3925
3919	393	3921
3920	392	3919
3921	392	3918
3922	393	3924
3923	393	3922
3924	393	3926
3925	393	3923
3926	392	3917
3927	393	3927
3928	393	3928
3929	393	3929
3930	393	3930
3931	394	3932
3932	394	3933
3933	394	3931
3934	394	3934
3935	394	3935
3936	394	3936
3937	395	3947
3938	394	3938
3939	395	3949
3940	395	3945
3941	395	3943
3942	395	3946
3943	394	3937
3944	394	3939
3945	395	3941
3946	394	3940
3947	395	3948
3948	395	3942
3949	395	3944
3950	395	3950
3951	396	3951
3952	396	3952
3953	396	3953
3954	396	3960
3955	396	3958
3956	396	3956
3957	396	3955
3958	396	3959
3959	396	3954
3960	396	3957
3961	397	3962
3962	397	3964
3963	397	3963
3964	397	3966
3965	397	3961
3966	397	3965
3967	397	3967
3968	398	3971
3969	397	3968
3970	398	3974
3971	397	3969
3972	397	3970
3973	398	3975
3974	398	3972
3975	398	3973
3976	398	3976
3977	398	3977
3978	398	3978
3979	398	3979
3980	398	3980
3981	399	3981
3982	399	3984
3983	399	3985
3984	399	3983
3985	399	3982
3986	399	3987
3987	399	3986
3988	400	3994
3989	400	3996
3990	400	3997
3991	400	3998
3992	399	3990
3993	400	3995
3994	400	3999
3995	400	4000
3996	399	3989
3997	400	3991
3998	400	3993
3999	400	3992
4000	399	3988
4001	401	4002
4002	401	4001
4003	401	4004
4004	401	4003
4005	401	4007
4006	401	4005
4007	401	4008
4008	401	4010
4009	401	4009
4010	401	4006
4011	402	4012
4012	402	4016
4013	402	4011
4014	402	4013
4015	402	4014
4016	402	4015
4017	402	4017
4018	402	4019
4019	403	4022
4020	403	4025
4021	402	4018
4022	403	4026
4023	403	4024
4024	403	4023
4025	403	4021
4026	402	4020
4027	403	4027
4028	403	4028
4029	403	4029
4030	403	4030
4031	404	4031
4032	404	4032
4033	404	4034
4034	404	4035
4035	404	4036
4036	404	4033
4037	405	4046
4038	404	4040
4039	404	4039
4040	405	4042
4041	405	4050
4042	405	4041
4043	405	4049
4044	405	4044
4045	404	4037
4046	405	4043
4047	405	4045
4048	405	4047
4049	405	4048
4050	404	4038
4051	406	4052
4052	406	4051
4053	406	4053
4054	406	4054
4055	406	4056
4056	406	4057
4057	406	4058
4058	406	4059
4059	406	4055
4060	406	4060
4061	407	4061
4062	407	4063
4063	407	4065
4064	407	4062
4065	407	4066
4066	407	4064
4067	407	4067
4068	408	4076
4069	408	4075
4070	408	4073
4071	408	4071
4072	407	4069
4073	407	4068
4074	408	4074
4075	408	4072
4076	407	4070
4077	408	4077
4078	408	4078
4079	408	4079
4080	409	4081
4081	408	4080
4082	409	4083
4083	409	4082
4084	409	4085
4085	409	4086
4086	409	4084
4087	409	4087
4088	409	4090
4089	410	4097
4090	409	4088
4091	410	4100
4092	410	4093
4093	409	4089
4094	410	4095
4095	410	4092
4096	410	4099
4097	410	4091
4098	410	4098
4099	410	4096
4100	410	4094
4101	411	4101
4102	411	4102
4103	411	4103
4104	411	4104
4105	411	4108
4106	411	4106
4107	411	4105
4108	411	4109
4109	411	4107
4110	411	4110
4111	412	4111
4112	412	4117
4113	412	4113
4114	412	4112
4115	412	4115
4116	412	4114
4117	412	4116
4118	412	4118
4119	412	4120
4120	413	4125
4121	413	4121
4122	413	4127
4123	412	4119
4124	413	4124
4125	413	4122
4126	413	4123
4127	413	4126
4128	413	4128
4129	413	4129
4130	413	4130
4131	414	4131
4132	414	4132
4133	414	4134
4134	414	4133
4135	414	4135
4136	414	4138
4137	414	4136
4138	414	4137
4139	415	4141
4140	414	4140
4141	415	4147
4142	415	4142
4143	414	4139
4144	415	4145
4145	415	4148
4146	415	4146
4147	415	4144
4148	415	4149
4149	415	4143
4150	415	4150
4151	416	4152
4152	416	4151
4153	416	4153
4154	416	4154
4155	416	4159
4156	416	4155
4157	416	4160
4158	416	4158
4159	416	4157
4160	416	4156
4161	417	4167
4162	417	4164
4163	417	4165
4164	417	4166
4165	417	4162
4166	417	4161
4167	417	4163
4168	417	4168
4169	418	4178
4170	418	4171
4171	417	4169
4172	418	4173
4173	418	4174
4174	418	4176
4175	418	4172
4176	417	4170
4177	418	4177
4178	418	4175
4179	418	4179
4180	419	4181
4181	418	4180
4182	419	4182
4183	419	4183
4184	419	4186
4185	419	4188
4186	419	4187
4187	419	4185
4188	419	4184
4189	420	4191
4190	420	4196
4191	420	4193
4192	420	4200
4193	420	4195
4194	420	4197
4195	420	4199
4196	419	4189
4197	420	4194
4198	420	4192
4199	420	4198
4200	419	4190
4201	421	4201
4202	421	4202
4203	421	4203
4204	421	4204
4205	421	4205
4206	421	4210
4207	421	4206
4208	421	4209
4209	421	4207
4210	421	4208
4211	422	4216
4212	422	4217
4213	422	4211
4214	422	4213
4215	422	4212
4216	422	4215
4217	422	4214
4218	422	4218
4219	422	4219
4220	423	4225
4221	422	4220
4222	423	4226
4223	423	4221
4224	423	4223
4225	423	4227
4226	423	4222
4227	423	4228
4228	423	4224
4229	423	4229
4230	423	4230
4231	424	4231
4232	424	4232
4233	424	4233
4234	424	4239
4235	424	4240
4236	425	4250
4237	425	4242
4238	425	4244
4239	424	4235
4240	424	4234
4241	425	4248
4242	424	4238
4243	424	4237
4244	425	4243
4245	425	4249
4246	424	4236
4247	425	4241
4248	425	4246
4249	425	4245
4250	425	4247
4251	426	4251
4252	426	4252
4253	426	4253
4254	426	4255
4255	426	4254
4256	426	4256
4257	426	4260
4258	426	4257
4259	426	4259
4260	426	4258
4261	427	4264
4262	427	4263
4263	427	4262
4264	427	4266
4265	427	4268
4266	427	4267
4267	427	4265
4268	427	4261
4269	428	4277
4270	428	4274
4271	428	4278
4272	428	4276
4273	428	4273
4274	428	4271
4275	427	4269
4276	428	4275
4277	427	4270
4278	428	4272
4279	428	4279
4280	428	4280
4281	429	4281
4282	429	4282
4283	429	4284
4284	430	4299
4285	430	4292
4286	429	4289
4287	429	4287
4288	429	4290
4289	430	4296
4290	429	4285
4291	430	4294
4292	430	4295
4293	430	4298
4294	430	4293
4295	430	4297
4296	430	4300
4297	429	4288
4298	430	4291
4299	429	4286
4300	429	4283
4301	431	4301
4302	431	4302
4303	431	4303
4304	431	4304
4305	431	4306
4306	431	4305
4307	431	4307
4308	431	4310
4309	431	4309
4310	431	4308
4311	432	4311
4312	432	4314
4313	432	4317
4314	432	4318
4315	432	4312
4316	432	4316
4317	432	4315
4318	432	4313
4319	432	4319
4320	433	4321
4321	433	4324
4322	433	4327
4323	433	4323
4324	433	4328
4325	432	4320
4326	433	4330
4327	433	4326
4328	433	4329
4329	433	4322
4330	433	4325
4331	434	4331
4332	434	4332
4333	435	4350
4334	434	4337
4335	434	4335
4336	435	4347
4337	435	4349
4338	435	4344
4339	435	4348
4340	434	4336
4341	434	4334
4342	435	4343
4343	434	4339
4344	434	4338
4345	435	4342
4346	435	4346
4347	435	4341
4348	435	4345
4349	434	4340
4350	434	4333
4351	436	4352
4352	436	4351
4353	436	4353
4354	436	4355
4355	436	4354
4356	436	4356
4357	436	4357
4358	436	4358
4359	436	4359
4360	436	4360
4361	437	4364
4362	437	4366
4363	437	4365
4364	437	4363
4365	437	4362
4366	437	4367
4367	437	4368
4368	437	4361
4369	437	4369
4370	437	4370
4371	438	4374
4372	438	4380
4373	438	4372
4374	438	4375
4375	438	4379
4376	438	4376
4377	438	4377
4378	438	4373
4379	438	4371
4380	438	4378
4381	439	4381
4382	439	4382
4383	440	4394
4384	440	4395
4385	440	4398
4386	439	4388
4387	440	4400
4388	440	4391
4389	440	4399
4390	439	4390
4391	439	4387
4392	440	4397
4393	439	4384
4394	439	4385
4395	440	4393
4396	440	4396
4397	439	4383
4398	439	4389
4399	440	4392
4400	439	4386
4401	441	4401
4402	441	4402
4403	441	4403
4404	441	4404
4405	441	4405
4406	441	4407
4407	441	4406
4408	441	4408
4409	441	4409
4410	441	4410
4411	442	4414
4412	442	4416
4413	442	4413
4414	442	4417
4415	442	4418
4416	442	4412
4417	442	4415
4418	442	4411
4419	442	4419
4420	443	4423
4421	443	4429
4422	443	4428
4423	442	4420
4424	443	4422
4425	443	4430
4426	443	4427
4427	443	4425
4428	443	4426
4429	443	4424
4430	443	4421
4431	444	4431
4432	444	4432
4433	445	4446
4434	445	4442
4435	445	4449
4436	444	4436
4437	445	4447
4438	444	4437
4439	445	4445
4440	444	4438
4441	445	4441
4442	445	4450
4443	445	4448
4444	444	4440
4445	445	4443
4446	445	4444
4447	444	4435
4448	444	4434
4449	444	4433
4450	444	4439
4451	446	4451
4452	446	4452
4453	446	4454
4454	446	4453
4455	446	4455
4456	446	4457
4457	446	4456
4458	446	4458
4459	446	4459
4460	446	4460
4461	447	4462
4462	447	4461
4463	447	4463
4464	447	4468
4465	447	4467
4466	447	4465
4467	447	4466
4468	447	4464
4469	448	4480
4470	448	4471
4471	448	4479
4472	448	4476
4473	447	4470
4474	448	4473
4475	448	4478
4476	448	4472
4477	448	4474
4478	448	4475
4479	447	4469
4480	448	4477
4481	449	4481
4482	449	4482
4483	449	4483
4484	449	4488
4485	449	4490
4486	449	4485
4487	450	4493
4488	450	4495
4489	449	4484
4490	449	4487
4491	450	4496
4492	450	4491
4493	450	4497
4494	450	4498
4495	450	4499
4496	450	4500
4497	450	4492
4498	449	4489
4499	449	4486
4500	450	4494
4501	451	4501
4502	451	4502
4503	451	4503
4504	451	4504
4505	451	4505
4506	451	4507
4507	451	4506
4508	451	4508
4509	451	4510
4510	451	4509
4511	452	4514
4512	452	4515
4513	452	4513
4514	452	4512
4515	452	4516
4516	452	4517
4517	452	4518
4518	452	4511
4519	453	4528
4520	453	4525
4521	453	4524
4522	452	4519
4523	452	4520
4524	453	4527
4525	453	4522
4526	453	4521
4527	453	4526
4528	453	4523
4529	453	4530
4530	453	4529
4531	454	4531
4532	454	4532
4533	454	4533
4534	454	4539
4535	454	4538
4536	454	4536
4537	454	4534
4538	455	4549
4539	455	4547
4540	455	4545
4541	455	4548
4542	454	4540
4543	454	4535
4544	455	4550
4545	455	4541
4546	454	4537
4547	455	4544
4548	455	4546
4549	455	4543
4550	455	4542
4551	456	4551
4552	456	4552
4553	456	4553
4554	456	4554
4555	456	4555
4556	456	4557
4557	456	4556
4558	456	4558
4559	456	4559
4560	456	4560
4561	457	4565
4562	457	4567
4563	457	4561
4564	457	4568
4565	457	4562
4566	457	4566
4567	457	4563
4568	457	4564
4569	458	4579
4570	457	4569
4571	458	4575
4572	458	4577
4573	458	4580
4574	458	4576
4575	458	4571
4576	458	4572
4577	458	4574
4578	457	4570
4579	458	4573
4580	458	4578
4581	459	4581
4582	459	4582
4583	459	4583
4584	459	4584
4585	459	4589
4586	460	4598
4587	460	4594
4588	460	4591
4589	460	4595
4590	460	4599
4591	460	4600
4592	459	4587
4593	460	4597
4594	459	4588
4595	460	4592
4596	459	4586
4597	460	4593
4598	460	4596
4599	459	4590
4600	459	4585
4601	461	4601
4602	461	4602
4603	461	4604
4604	461	4605
4605	461	4603
4606	461	4606
4607	461	4607
4608	461	4608
4609	461	4609
4610	461	4610
4611	462	4613
4612	462	4617
4613	462	4616
4614	462	4611
4615	462	4618
4616	462	4614
4617	462	4615
4618	462	4612
4619	462	4620
4620	463	4626
4621	463	4624
4622	463	4629
4623	463	4621
4624	462	4619
4625	463	4628
4626	463	4623
4627	463	4622
4628	463	4625
4629	463	4630
4630	463	4627
4631	464	4631
4632	464	4632
4633	464	4633
4634	464	4634
4635	464	4635
4636	465	4642
4637	464	4639
4638	464	4637
4639	465	4641
4640	464	4636
4641	464	4638
4642	464	4640
4643	465	4643
4644	465	4648
4645	465	4644
4646	465	4647
4647	465	4645
4648	465	4646
4649	465	4650
4650	465	4649
4651	466	4651
4652	466	4652
4653	466	4655
4654	466	4653
4655	466	4654
4656	466	4657
4657	466	4658
4658	466	4656
4659	466	4659
4660	466	4660
4661	467	4661
4662	467	4666
4663	467	4664
4664	467	4667
4665	467	4668
4666	467	4662
4667	467	4665
4668	467	4663
4669	468	4674
4670	467	4670
4671	468	4680
4672	468	4672
4673	468	4671
4674	468	4677
4675	468	4676
4676	467	4669
4677	468	4679
4678	469	4681
4679	468	4675
4680	468	4678
4681	468	4673
4682	469	4682
4683	469	4683
4684	469	4684
4685	469	4685
4686	469	4690
4687	470	4691
4688	469	4689
4689	469	4688
4690	470	4692
4691	469	4686
4692	469	4687
4693	470	4693
4694	470	4695
4695	470	4696
4696	470	4694
4697	470	4697
4698	470	4698
4699	470	4699
4700	470	4700
4701	471	4701
4702	471	4702
4703	471	4705
4704	471	4703
4705	471	4704
4706	471	4708
4707	471	4706
4708	471	4707
4709	471	4709
4710	471	4710
4711	472	4717
4712	472	4713
4713	472	4711
4714	472	4712
4715	472	4718
4716	472	4714
4717	472	4716
4718	472	4715
4719	473	4729
4720	474	4731
4721	473	4727
4722	473	4724
4723	473	4722
4724	473	4725
4725	472	4720
4726	473	4723
4727	473	4726
4728	472	4719
4729	473	4730
4730	473	4721
4731	473	4728
4732	474	4734
4733	474	4732
4734	474	4733
4735	474	4735
4736	474	4736
4737	474	4738
4738	475	4741
4739	474	4739
4740	475	4742
4741	474	4740
4742	474	4737
4743	475	4743
4744	475	4744
4745	475	4745
4746	475	4749
4747	475	4748
4748	475	4746
4749	475	4747
4750	475	4750
4751	476	4751
4752	476	4752
4753	476	4753
4754	476	4754
4755	476	4755
4756	476	4759
4757	476	4756
4758	476	4757
4759	476	4760
4760	476	4758
4761	477	4766
4762	477	4762
4763	477	4768
4764	477	4763
4765	477	4761
4766	477	4764
4767	477	4765
4768	477	4767
4769	477	4769
4770	478	4772
4771	478	4779
4772	478	4775
4773	478	4774
4774	479	4781
4775	478	4780
4776	478	4771
4777	478	4778
4778	478	4777
4779	478	4773
4780	477	4770
4781	478	4776
4782	479	4782
4783	479	4784
4784	479	4783
4785	479	4785
4786	479	4786
4787	479	4788
4788	479	4787
4789	479	4789
4790	480	4791
4791	480	4792
4792	479	4790
4793	480	4794
4794	480	4793
4795	480	4795
4796	480	4796
4797	480	4797
4798	480	4798
4799	480	4800
4800	480	4799
4801	481	4801
4802	481	4802
4803	481	4805
4804	481	4803
4805	481	4804
4806	481	4810
4807	481	4807
4808	481	4809
4809	481	4806
4810	481	4808
4811	482	4813
4812	482	4819
4813	482	4814
4814	482	4817
4815	482	4812
4816	482	4816
4817	482	4811
4818	482	4815
4819	482	4818
4820	483	4826
4821	483	4825
4822	482	4820
4823	483	4828
4824	483	4829
4825	483	4824
4826	483	4823
4827	483	4827
4828	484	4831
4829	483	4821
4830	483	4822
4831	483	4830
4832	484	4833
4833	484	4832
4834	484	4835
4835	484	4834
4836	484	4836
4837	484	4838
4838	484	4839
4839	484	4837
4840	485	4841
4841	484	4840
4842	485	4842
4843	485	4845
4844	485	4844
4845	485	4843
4846	485	4846
4847	485	4847
4848	485	4850
4849	485	4848
4850	485	4849
4851	486	4851
4852	486	4852
4853	486	4855
4854	486	4854
4855	486	4853
4856	486	4860
4857	486	4856
4858	486	4858
4859	486	4857
4860	486	4859
4861	487	4862
4862	487	4865
4863	487	4868
4864	487	4869
4865	487	4866
4866	487	4864
4867	487	4863
4868	487	4861
4869	487	4867
4870	487	4870
4871	488	4875
4872	488	4878
4873	488	4879
4874	488	4874
4875	489	4881
4876	488	4873
4877	488	4871
4878	488	4872
4879	488	4877
4880	488	4876
4881	488	4880
4882	489	4882
4883	489	4885
4884	489	4883
4885	489	4884
4886	489	4886
4887	490	4893
4888	489	4889
4889	489	4890
4890	490	4891
4891	490	4895
4892	489	4887
4893	490	4894
4894	490	4892
4895	489	4888
4896	490	4896
4897	490	4897
4898	490	4898
4899	490	4900
4900	490	4899
4901	491	4902
4902	491	4901
4903	491	4904
4904	491	4905
4905	491	4903
4906	491	4909
4907	491	4907
4908	491	4910
4909	491	4906
4910	491	4908
4911	492	4913
4912	492	4918
4913	492	4911
4914	492	4912
4915	492	4914
4916	492	4915
4917	492	4919
4918	492	4916
4919	492	4917
4920	493	4922
4921	493	4921
4922	494	4931
4923	493	4930
4924	492	4920
4925	493	4923
4926	493	4924
4927	493	4927
4928	493	4925
4929	493	4928
4930	493	4926
4931	493	4929
4932	494	4933
4933	494	4932
4934	494	4935
4935	494	4934
4936	494	4936
4937	494	4937
4938	495	4943
4939	495	4941
4940	495	4942
4941	494	4940
4942	494	4939
4943	495	4945
4944	495	4946
4945	495	4944
4946	494	4938
4947	495	4947
4948	495	4948
4949	495	4949
4950	495	4950
4951	496	4952
4952	496	4951
4953	496	4955
4954	496	4953
4955	496	4954
4956	496	4956
4957	496	4960
4958	496	4959
4959	496	4958
4960	496	4957
4961	497	4968
4962	497	4969
4963	497	4962
4964	497	4967
4965	497	4966
4966	497	4963
4967	497	4970
4968	497	4961
4969	497	4964
4970	497	4965
4971	498	4975
4972	498	4972
4973	498	4979
4974	498	4971
4975	498	4974
4976	498	4973
4977	498	4976
4978	498	4977
4979	498	4978
4980	498	4980
4981	499	4981
4982	499	4982
4983	499	4983
4984	499	4984
4985	499	4985
4986	499	4987
4987	499	4986
4988	499	4988
4989	500	4996
4990	500	4991
4991	500	4995
4992	499	4989
4993	500	4999
4994	500	4993
4995	500	4994
4996	499	4990
4997	500	4997
4998	500	5000
4999	500	4992
5000	500	4998
